imag,steering_angle
1screen.png,-1.833149516
2screen.png,-1.833149516
3screen.png,-1.833149516
4screen.png,-1.833149516
5screen.png,-1.833149516
6screen.png,-1.832188021
7screen.png,-1.830277322
8screen.png,-1.827424492
9screen.png,-1.82363581
10screen.png,-1.818920839
11screen.png,-1.813292981
12screen.png,-1.806769349
13screen.png,-1.79936273
14screen.png,-1.791104502
15screen.png,-1.782019397
16screen.png,-1.772133477
17screen.png,-1.761473595
18screen.png,-1.75006692
19screen.png,-1.737940557
20screen.png,-1.725121267
21screen.png,-1.711613938
22screen.png,-1.697444981
23screen.png,-1.682639883
24screen.png,-1.66722317
25screen.png,-1.651218414
26screen.png,-1.634648293
27screen.png,-1.617534632
28screen.png,-1.599898449
29screen.png,-1.581760016
30screen.png,-1.56313892
31screen.png,-1.544054131
32screen.png,-1.524524065
33screen.png,-1.504602973
34screen.png,-1.4843053
35screen.png,-1.463645522
36screen.png,-1.442638139
37screen.png,-1.421297595
38screen.png,-1.399638295
39screen.png,-1.377674615
40screen.png,-1.355420905
41screen.png,-1.332891499
42screen.png,-1.310100715
43screen.png,-1.287062856
44screen.png,-1.263792207
45screen.png,-1.240303032
46screen.png,-1.216609567
47screen.png,-1.192726011
48screen.png,-1.168666519
49screen.png,-1.144445188
50screen.png,-1.120076047
51screen.png,-1.095573043
52screen.png,-1.070950027
53screen.png,-1.046220742
54screen.png,-1.021398807
55screen.png,-0.996497702
56screen.png,-0.971530753
57screen.png,-0.946511122
58screen.png,-0.921451789
59screen.png,-0.896365536
60screen.png,-0.871264942
61screen.png,-0.846162363
62screen.png,1.430267566
63screen.png,1.436443652
64screen.png,1.437932556
65screen.png,1.444160026
66screen.png,1.445649668
67screen.png,1.447399923
68screen.png,1.445176404
69screen.png,1.43473892
70screen.png,1.425980241
71screen.png,1.409726592
72screen.png,1.395866233
73screen.png,1.375053638
74screen.png,1.357213635
75screen.png,1.337707521
76screen.png,1.311938291
77screen.png,1.289737882
78screen.png,1.261574509
79screen.png,-0.665517897
80screen.png,-0.672799159
81screen.png,-0.680899803
82screen.png,-0.689724737
83screen.png,-0.699178998
84screen.png,-0.705377883
85screen.png,-0.708712968
86screen.png,-0.709521002
87screen.png,-0.708091606
88screen.png,-0.704673876
89screen.png,-0.699489642
90screen.png,-0.692736544
91screen.png,-0.684590766
92screen.png,-0.675209465
93screen.png,-0.664732943
94screen.png,-0.653286553
95screen.png,-0.640982392
96screen.png,-0.627920795
97screen.png,-0.614191656
98screen.png,-0.599875596
99screen.png,-0.585044999
100screen.png,-0.569764926
101screen.png,-0.554093929
102screen.png,-0.538084766
103screen.png,-0.521785034
104screen.png,-0.505237741
105screen.png,-0.488481792
106screen.png,-0.471552443
107screen.png,-0.454481683
108screen.png,-0.437298586
109screen.png,0.91117899
110screen.png,0.912700102
111screen.png,0.908981386
112screen.png,0.910721147
113screen.png,0.912526556
114screen.png,0.906352444
115screen.png,0.897813531
116screen.png,0.88719536
117screen.png,0.874734555
118screen.png,0.860636026
119screen.png,0.845093372
120screen.png,0.828279547
121screen.png,0.810349177
122screen.png,0.79144064
123screen.png,0.771677914
124screen.png,-0.282232921
125screen.png,-0.282539884
126screen.png,-0.283414857
127screen.png,-0.284779635
128screen.png,-0.286564083
129screen.png,-0.286636775
130screen.png,-0.285213666
131screen.png,-0.282480538
132screen.png,-0.278597224
133screen.png,-0.273701243
134screen.png,-0.267915058
135screen.png,-0.261347751
136screen.png,-0.254096521
137screen.png,-0.246248017
138screen.png,-0.237879534
139screen.png,-0.229060057
140screen.png,-0.219851202
141screen.png,-0.210308036
142screen.png,-0.200479808
143screen.png,-0.190410599
144screen.png,-0.180139891
145screen.png,-0.169703079
146screen.png,-0.159131921
147screen.png,-0.148454937
148screen.png,-0.137697762
149screen.png,-0.126883463
150screen.png,-0.116032814
151screen.png,-0.105164548
152screen.png,-0.094295572
153screen.png,-0.083441165
154screen.png,-0.072615151
155screen.png,-0.061830048
156screen.png,-0.051097211
157screen.png,-0.040426949
158screen.png,-0.029828632
159screen.png,-0.019310792
160screen.png,-0.008881201
161screen.png,0.001453049
162screen.png,0.011685479
163screen.png,0.021810165
164screen.png,0.031821681
165screen.png,0.041715058
166screen.png,0.051485735
167screen.png,0.061129524
168screen.png,0.07064258
169screen.png,0.080021363
170screen.png,0.08926262
171screen.png,0.098363355
172screen.png,0.107320811
173screen.png,0.116132447
174screen.png,0.124795929
175screen.png,0.133309104
176screen.png,0.141669995
177screen.png,0.149876785
178screen.png,0.157927808
179screen.png,0.165821534
180screen.png,0.173556569
181screen.png,0.181131637
182screen.png,0.188545582
183screen.png,0.195797355
184screen.png,0.202886012
185screen.png,0.209810706
186screen.png,0.216570684
187screen.png,0.223165283
188screen.png,0.229593925
189screen.png,0.235856113
190screen.png,0.241951431
191screen.png,0.247879536
192screen.png,0.25364016
193screen.png,0.259233105
194screen.png,0.264658241
195screen.png,0.269915505
196screen.png,0.275004899
197screen.png,0.279926488
198screen.png,0.284680397
199screen.png,0.289266812
200screen.png,0.293685978
201screen.png,0.297938194
202screen.png,0.302023821
203screen.png,0.305943269
204screen.png,0.309697006
205screen.png,0.313285552
206screen.png,0.316709478
207screen.png,0.319969409
208screen.png,0.323066017
209screen.png,0.326000027
210screen.png,0.328772211
211screen.png,0.331383391
212screen.png,0.333834434
213screen.png,0.336126257
214screen.png,0.338259821
215screen.png,0.340236134
216screen.png,0.342056248
217screen.png,0.34372126
218screen.png,0.34523231
219screen.png,0.346590583
220screen.png,0.347797304
221screen.png,0.348853742
222screen.png,0.349761205
223screen.png,0.350521043
224screen.png,0.351134646
225screen.png,0.351603444
226screen.png,0.351928902
227screen.png,0.352112528
228screen.png,0.352155862
229screen.png,0.352060486
230screen.png,0.351828013
231screen.png,0.351460093
232screen.png,0.350958412
233screen.png,0.350324685
234screen.png,0.349560664
235screen.png,0.348668132
236screen.png,0.347648902
237screen.png,0.346504817
238screen.png,0.34523775
239screen.png,0.343849605
240screen.png,0.342342309
241screen.png,0.340717819
242screen.png,0.338980655
243screen.png,0.337132786
244screen.png,0.335176211
245screen.png,0.33311296
246screen.png,0.330941603
247screen.png,0.328664374
248screen.png,0.326283504
249screen.png,0.323801221
250screen.png,0.321219756
251screen.png,0.318541347
252screen.png,0.315768239
253screen.png,0.312902689
254screen.png,0.309946958
255screen.png,0.306903317
256screen.png,0.303774044
257screen.png,0.300561421
258screen.png,0.297267739
259screen.png,0.293895293
260screen.png,0.290446382
261screen.png,0.28692331
262screen.png,0.283328383
263screen.png,0.27966391
264screen.png,0.275932201
265screen.png,0.272135566
266screen.png,0.268276315
267screen.png,0.264356758
268screen.png,0.260379201
269screen.png,0.256345948
270screen.png,0.252259297
271screen.png,0.248121545
272screen.png,0.24393498
273screen.png,0.239701883
274screen.png,0.23542453
275screen.png,0.231105187
276screen.png,0.226746109
277screen.png,0.222349543
278screen.png,0.217917724
279screen.png,0.213452873
280screen.png,0.208957202
281screen.png,0.204432906
282screen.png,0.199882165
283screen.png,0.195307147
284screen.png,0.190709999
285screen.png,0.186092856
286screen.png,0.181457831
287screen.png,0.17680702
288screen.png,0.172142502
289screen.png,0.167466332
290screen.png,0.162780547
291screen.png,0.158087162
292screen.png,0.15338817
293screen.png,0.148685543
294screen.png,0.143981226
295screen.png,0.139277144
296screen.png,0.134575197
297screen.png,0.129877259
298screen.png,0.12518518
299screen.png,0.120500783
300screen.png,0.115825865
301screen.png,0.111162197
302screen.png,0.106511522
303screen.png,0.101875557
304screen.png,0.097255989
305screen.png,0.092654479
306screen.png,0.088072656
307screen.png,0.083512124
308screen.png,0.078974456
309screen.png,0.074461194
310screen.png,0.069973853
311screen.png,0.065513916
312screen.png,0.061082837
313screen.png,0.056682039
314screen.png,0.052312914
315screen.png,0.047976825
316screen.png,0.043675101
317screen.png,0.039409043
318screen.png,0.03517992
319screen.png,0.030988968
320screen.png,0.026837394
321screen.png,0.022726373
322screen.png,0.018657047
323screen.png,0.01463053
324screen.png,0.0106479
325screen.png,0.006710207
326screen.png,0.002818468
327screen.png,-0.001026331
328screen.png,-0.004823235
329screen.png,-0.008571321
330screen.png,-0.012269697
331screen.png,-0.015917503
332screen.png,-0.019513909
333screen.png,-0.023058117
334screen.png,-0.026549359
335screen.png,-0.029986898
336screen.png,-0.033370029
337screen.png,-0.036698076
338screen.png,-0.039970393
339screen.png,-0.043186367
340screen.png,-0.046345412
341screen.png,-0.049446973
342screen.png,-0.052490526
343screen.png,-0.055475574
344screen.png,-0.058401652
345screen.png,-0.061268323
346screen.png,-0.064075177
347screen.png,-0.066821837
348screen.png,-0.06950795
349screen.png,-0.072133194
350screen.png,-0.074697274
351screen.png,-0.077199923
352screen.png,-0.079640902
353screen.png,-0.082019997
354screen.png,-0.084337025
355screen.png,-0.086591825
356screen.png,-0.088784267
357screen.png,-0.090914242
358screen.png,-0.092981673
359screen.png,-0.094986503
360screen.png,-0.096928703
361screen.png,-0.098808269
362screen.png,-0.100625221
363screen.png,-0.102379604
364screen.png,-0.104071486
365screen.png,-0.105700959
366screen.png,-0.10726814
367screen.png,-0.108773166
368screen.png,-0.1102162
369screen.png,-0.111597426
370screen.png,-0.112917048
371screen.png,-0.114175297
372screen.png,-0.115372419
373screen.png,-0.116508686
374screen.png,-0.117584388
375screen.png,-0.118599836
376screen.png,-0.119555363
377screen.png,-0.120451317
378screen.png,-0.121288071
379screen.png,-0.122066011
380screen.png,-0.122785547
381screen.png,-0.123447103
382screen.png,-0.124051123
383screen.png,-0.124598067
384screen.png,-0.125088414
385screen.png,-0.125522657
386screen.png,-0.125901308
387screen.png,-0.126224893
388screen.png,-0.126493954
389screen.png,-0.126709048
390screen.png,-0.126870747
391screen.png,-0.126979638
392screen.png,-0.12703632
393screen.png,-0.127041406
394screen.png,-0.126995525
395screen.png,-0.126899314
396screen.png,-0.126753427
397screen.png,-0.126558527
398screen.png,-0.126315288
399screen.png,-0.126024399
400screen.png,-0.125686556
401screen.png,-0.125302466
402screen.png,-0.124872848
403screen.png,-0.124398428
404screen.png,-0.123879942
405screen.png,-0.123318137
406screen.png,-0.122713765
407screen.png,-0.122067588
408screen.png,-0.121380374
409screen.png,-0.1206529
410screen.png,-0.119885949
411screen.png,-0.11908031
412screen.png,-0.118236779
413screen.png,-0.117356156
414screen.png,-0.116439248
415screen.png,-0.115486866
416screen.png,-0.114499826
417screen.png,-0.113478946
418screen.png,-0.112425051
419screen.png,-0.111338966
420screen.png,-0.110221523
421screen.png,-0.109073551
422screen.png,-0.107895887
423screen.png,-0.106689367
424screen.png,-0.105454827
425screen.png,-0.104193107
426screen.png,-0.102905047
427screen.png,-0.101591487
428screen.png,-0.100253266
429screen.png,-0.098891225
430screen.png,-0.097506203
431screen.png,-0.096099038
432screen.png,-0.094670567
433screen.png,-0.093221626
434screen.png,-0.091753049
435screen.png,-0.090265666
436screen.png,-0.088760306
437screen.png,-0.087237796
438screen.png,-0.085698958
439screen.png,-0.084144611
440screen.png,-0.082575571
441screen.png,-0.080992649
442screen.png,-0.079396652
443screen.png,-0.077788384
444screen.png,-0.076168641
445screen.png,-0.074538217
446screen.png,-0.072897898
447screen.png,-0.071248466
448screen.png,-0.069590696
449screen.png,-0.067925357
450screen.png,-0.066253214
451screen.png,-0.064575022
452screen.png,-0.06289153
453screen.png,-0.061203481
454screen.png,-0.059511611
455screen.png,-0.057816646
456screen.png,-0.056119307
457screen.png,-0.054420306
458screen.png,-0.052720347
459screen.png,-0.051020124
460screen.png,-0.049320326
461screen.png,-0.047621631
462screen.png,-0.045924708
463screen.png,-0.044230218
464screen.png,-0.042538813
465screen.png,-0.040851135
466screen.png,-0.039167817
467screen.png,-0.037489481
468screen.png,-0.035816742
469screen.png,-0.034150203
470screen.png,-0.032490458
471screen.png,-0.030838091
472screen.png,-0.029193674
473screen.png,-0.027557772
474screen.png,-0.025930936
475screen.png,-0.02431371
476screen.png,-0.022706624
477screen.png,-0.0211102
478screen.png,-0.019524948
479screen.png,-0.017951368
480screen.png,-0.016389948
481screen.png,-0.014841166
482screen.png,-0.013308664
483screen.png,-0.011792523
484screen.png,-0.010292863
485screen.png,-0.008809834
486screen.png,-0.007343604
487screen.png,-0.005894357
488screen.png,-0.00446229
489screen.png,-0.003047607
490screen.png,-0.001650524
491screen.png,-0.000271257
492screen.png,0.001089973
493screen.png,0.002432941
494screen.png,0.003757425
495screen.png,0.005063203
496screen.png,0.006350054
497screen.png,0.007617763
498screen.png,0.008866116
499screen.png,0.010094905
500screen.png,0.011303929
501screen.png,0.012492991
502screen.png,0.013661901
503screen.png,0.014810477
504screen.png,0.015938543
505screen.png,0.017045931
506screen.png,0.018132482
507screen.png,0.019198043
508screen.png,0.020242473
509screen.png,0.021265635
510screen.png,0.022267405
511screen.png,0.023247664
512screen.png,0.024206305
513screen.png,0.025143229
514screen.png,0.026058343
515screen.png,0.026951568
516screen.png,0.027822831
517screen.png,0.028672067
518screen.png,0.029499224
519screen.png,0.030304254
520screen.png,0.031087121
521screen.png,0.031847798
522screen.png,0.032586264
523screen.png,0.033302511
524screen.png,0.033996536
525screen.png,0.034668346
526screen.png,0.035317957
527screen.png,0.035945391
528screen.png,0.036550682
529screen.png,0.03713387
530screen.png,0.037695002
531screen.png,0.038234136
532screen.png,0.038751335
533screen.png,0.039246671
534screen.png,0.039720225
535screen.png,0.040172084
536screen.png,0.040602341
537screen.png,0.0410111
538screen.png,0.041398468
539screen.png,0.041764564
540screen.png,0.042109508
541screen.png,0.042433432
542screen.png,0.042736471
543screen.png,0.043018769
544screen.png,0.043280476
545screen.png,0.043521746
546screen.png,0.043742741
547screen.png,0.04394363
548screen.png,0.044124586
549screen.png,0.044285787
550screen.png,0.044427419
551screen.png,0.044549673
552screen.png,0.044652742
553screen.png,0.044736829
554screen.png,0.044802138
555screen.png,0.044848881
556screen.png,0.044877271
557screen.png,0.046459961
558screen.png,0.049652878
559screen.png,0.049737623
560screen.png,0.053044876
561screen.png,0.056408582
562screen.png,0.056579029
563screen.png,0.060045282
564screen.png,0.063560411
565screen.png,0.063792287
566screen.png,0.067396062
567screen.png,0.071043297
568screen.png,0.074730403
569screen.png,0.075040706
570screen.png,0.078805785
571screen.png,0.082607172
572screen.png,0.082929268
573screen.png,0.0867954
574screen.png,0.090695885
575screen.png,0.091018338
576screen.png,0.094978915
577screen.png,0.098972391
578screen.png,0.102996065
579screen.png,0.107054748
580screen.png,0.107416441
581screen.png,0.111527215
582screen.png,0.115664795
583screen.png,0.115989213
584screen.png,0.120170886
585screen.png,0.12437997
586screen.png,0.124662708
587screen.png,0.128915449
588screen.png,0.133196042
589screen.png,0.137502104
590screen.png,0.141839419
591screen.png,0.142107338
592screen.png,0.146484877
593screen.png,0.150885971
594screen.png,0.15108385
595screen.png,0.155518636
596screen.png,0.159978652
597screen.png,0.16446168
598screen.png,0.177467723
599screen.png,0.177820545
600screen.png,0.17807735
601screen.png,0.178234609
602screen.png,0.182805434
603screen.png,0.182834669
604screen.png,0.187416487
605screen.png,0.19202457
606screen.png,0.196656452
607screen.png,0.201319084
608screen.png,0.201263851
609screen.png,0.205957162
610screen.png,0.210673165
611screen.png,0.215409812
612screen.png,0.220174766
613screen.png,0.22001304
614screen.png,0.224802067
615screen.png,0.229611968
616screen.png,0.234440853
617screen.png,0.23929694
618screen.png,0.239004376
619screen.png,0.243880167
620screen.png,0.254003975
621screen.png,0.25368988
622screen.png,0.258630662
623screen.png,0.263595696
624screen.png,0.263134031
625screen.png,0.268101731
626screen.png,0.273088189
627screen.png,0.278091582
628screen.png,0.283121174
629screen.png,0.288174331
630screen.png,0.335187175
631screen.png,0.335627653
632screen.png,0.335919962
633screen.png,0.336060829
634screen.png,0.335963145
635screen.png,0.335642536
636screen.png,0.335112809
637screen.png,0.334386209
638screen.png,0.333473807
639screen.png,0.332385637
640screen.png,0.331130819
641screen.png,0.336023259
642screen.png,0.340944963
643screen.png,0.345904325
644screen.png,0.350909159
645screen.png,0.349504396
646screen.png,0.354548748
647screen.png,0.359624271
648screen.png,0.364727103
649screen.png,0.369866644
650screen.png,0.375038317
651screen.png,0.380237989
652screen.png,0.385461908
653screen.png,0.383849042
654screen.png,0.389075169
655screen.png,0.394316258
656screen.png,0.399569596
657screen.png,0.404846381
658screen.png,0.410142778
659screen.png,0.415455271
660screen.png,0.420780621
661screen.png,0.426115795
662screen.png,0.431457941
663screen.png,0.429464672
664screen.png,0.434779222
665screen.png,0.440093648
666screen.png,0.445405625
667screen.png,0.450727609
668screen.png,0.456055861
669screen.png,0.461386899
670screen.png,0.466717464
671screen.png,0.472044456
672screen.png,0.477364908
673screen.png,0.474880937
674screen.png,0.495642593
675screen.png,0.493258985
676screen.png,0.490651387
677screen.png,0.495889453
678screen.png,0.501089116
679screen.png,0.506265236
680screen.png,0.511431161
681screen.png,0.516582765
682screen.png,0.521716204
683screen.png,0.526827841
684screen.png,0.523707137
685screen.png,0.528748685
686screen.png,0.533759768
687screen.png,0.538737262
688screen.png,0.543694555
689screen.png,0.548626886
690screen.png,0.553529786
691screen.png,0.558399045
692screen.png,0.56323064
693screen.png,0.568020715
694screen.png,0.564273767
695screen.png,0.568967455
696screen.png,0.573610643
697screen.png,0.5782
698screen.png,0.582749291
699screen.png,0.587253478
700screen.png,0.591707847
701screen.png,0.596107964
702screen.png,0.60044961
703screen.png,0.60472876
704screen.png,0.600295235
705screen.png,0.604451943
706screen.png,0.608536983
707screen.png,0.612546937
708screen.png,0.616495824
709screen.png,0.620378512
710screen.png,0.62419023
711screen.png,0.627926519
712screen.png,0.631583173
713screen.png,0.635156209
714screen.png,0.629991223
715screen.png,0.633417227
716screen.png,0.636750754
717screen.png,0.63998854
718screen.png,0.6431448
719screen.png,0.646214583
720screen.png,0.649193334
721screen.png,0.652076846
722screen.png,0.646271304
723screen.png,0.648997409
724screen.png,0.651619019
725screen.png,0.654132893
726screen.png,0.656553193
727screen.png,0.658875077
728screen.png,0.661094141
729screen.png,0.654714446
730screen.png,0.656771408
731screen.png,0.658716025
732screen.png,0.660545125
733screen.png,0.662272792
734screen.png,0.663894344
735screen.png,0.665405574
736screen.png,0.666802698
737screen.png,0.668082285
738screen.png,0.661042968
739screen.png,0.662145928
740screen.png,0.663124125
741screen.png,0.663975217
742screen.png,0.664713518
743screen.png,0.665335189
744screen.png,0.66583685
745screen.png,0.65825472
746screen.png,0.658582968
747screen.png,0.658784252
748screen.png,0.650863647
749screen.png,0.658813793
750screen.png,0.65865268
751screen.png,0.650614148
752screen.png,0.650304179
753screen.png,0.649866918
754screen.png,0.649300635
755screen.png,0.648619399
756screen.png,0.647820077
757screen.png,0.639379113
758screen.png,0.638421053
759screen.png,0.637338669
760screen.png,0.636130365
761screen.png,0.634809905
762screen.png,0.633374424
763screen.png,0.631821547
764screen.png,0.622977329
765screen.png,0.621272791
766screen.png,0.619446336
767screen.png,0.610337278
768screen.png,0.61543832
769screen.png,0.606289332
770screen.png,0.604096538
771screen.png,0.601803521
772screen.png,0.599393283
773screen.png,0.596879248
774screen.png,0.594259385
775screen.png,0.584851175
776screen.png,0.582107377
777screen.png,0.579254023
778screen.png,0.576290528
779screen.png,0.573229969
780screen.png,0.563606984
781screen.png,0.560440576
782screen.png,0.557173048
783screen.png,0.55380382
784screen.png,0.550345557
785screen.png,0.540558379
786screen.png,0.537010965
787screen.png,0.527081926
788screen.png,0.517010143
789screen.png,0.506809029
790screen.png,0.496478188
791screen.png,0.486030247
792screen.png,0.475476923
793screen.png,0.464829118
794screen.png,0.454097037
795screen.png,0.443290259
796screen.png,0.4862654
797screen.png,0.482253106
798screen.png,0.478229743
799screen.png,0.474202006
800screen.png,0.464538278
801screen.png,0.460395064
802screen.png,0.456153176
803screen.png,0.451815902
804screen.png,0.442017288
805screen.png,0.437611152
806screen.png,0.433126692
807screen.png,0.423246167
808screen.png,0.418713178
809screen.png,0.414116264
810screen.png,0.409456189
811screen.png,0.404744567
812screen.png,0.394907825
813screen.png,0.390183099
814screen.png,0.385406277
815screen.png,0.3805779
816screen.png,0.375708863
817screen.png,0.365970993
818screen.png,0.361108635
819screen.png,0.356204633
820screen.png,0.346499066
821screen.png,0.341611543
822screen.png,0.336691929
823screen.png,0.331740104
824screen.png,0.322163028
825screen.png,0.317252843
826screen.png,0.312318049
827screen.png,0.307358475
828screen.png,0.297938504
829screen.png,0.28848617
830screen.png,0.279001382
831screen.png,0.269484349
832screen.png,0.273933248
833screen.png,0.269068047
834screen.png,0.264208914
835screen.png,0.255148146
836screen.png,0.250378291
837screen.png,0.2455991
838screen.png,0.24081061
839screen.png,0.231964331
840screen.png,0.227256937
841screen.png,0.222546953
842screen.png,0.21385113
843screen.png,0.209226396
844screen.png,0.204605537
845screen.png,0.196079768
846screen.png,0.191555271
847screen.png,0.187040054
848screen.png,0.182533406
849screen.png,0.174291004
850screen.png,0.169895322
851screen.png,0.161755876
852screen.png,0.157465997
853screen.png,0.15319487
854screen.png,0.148941375
855screen.png,0.141111501
856screen.png,0.136983909
857screen.png,0.132877126
858screen.png,0.125265566
859screen.png,0.121283226
860screen.png,0.117325267
861screen.png,0.109942149
862screen.png,0.106114367
863screen.png,0.102314001
864screen.png,0.095167715
865screen.png,0.091502297
866screen.png,0.087866902
867screen.png,0.080964438
868screen.png,0.077467949
869screen.png,0.074003722
870screen.png,0.067350865
871screen.png,0.064028799
872screen.png,0.060740909
873screen.png,0.054342379
874screen.png,0.051199276
875screen.png,0.04653955
876screen.png,0.040363596
877screen.png,0.034229597
878screen.png,0.028135812
879screen.png,0.022083907
880screen.png,0.016078572
881screen.png,0.010124069
882screen.png,0.004224284
883screen.png,-0.001617223
884screen.png,-0.007397188
885screen.png,-0.013112615
886screen.png,-0.018760748
887screen.png,-0.024339051
888screen.png,-0.029845187
889screen.png,-0.035276997
890screen.png,-0.040632493
891screen.png,-0.045909834
892screen.png,-0.051107319
893screen.png,-0.056223376
894screen.png,-0.061256549
895screen.png,-0.066205495
896screen.png,-0.071068969
897screen.png,-0.075845822
898screen.png,-0.080534995
899screen.png,-0.085135509
900screen.png,-0.089646467
901screen.png,-0.094067041
902screen.png,-0.098396477
903screen.png,-0.102634084
904screen.png,-0.106779237
905screen.png,-0.110831368
906screen.png,-0.114789968
907screen.png,-0.118654584
908screen.png,-0.122424814
909screen.png,-0.126100308
910screen.png,-0.129680766
911screen.png,-0.133165936
912screen.png,-0.136555609
913screen.png,-0.139849624
914screen.png,-0.143047862
915screen.png,-0.146150249
916screen.png,-0.149156748
917screen.png,-0.152067365
918screen.png,-0.154882145
919screen.png,-0.157601171
920screen.png,-0.160224564
921screen.png,-0.162752482
922screen.png,-0.165185117
923screen.png,-0.167522698
924screen.png,-0.169765489
925screen.png,-0.171913786
926screen.png,-0.17396792
927screen.png,-0.175928253
928screen.png,-0.177795179
929screen.png,-0.179569125
930screen.png,-0.181250547
931screen.png,-0.182839931
932screen.png,-0.184337793
933screen.png,-0.185744678
934screen.png,-0.187061159
935screen.png,-0.188287837
936screen.png,-0.189425341
937screen.png,-0.190474325
938screen.png,-0.19143547
939screen.png,-0.192309482
940screen.png,-0.193097093
941screen.png,-0.193799058
942screen.png,-0.194416158
943screen.png,-0.194949195
944screen.png,-0.195398995
945screen.png,-0.195766407
946screen.png,-0.196052298
947screen.png,-0.196257561
948screen.png,-0.196383107
949screen.png,-0.196429866
950screen.png,-0.19639879
951screen.png,-0.196290848
952screen.png,-0.196107027
953screen.png,-0.195848334
954screen.png,-0.19551579
955screen.png,-0.195110434
956screen.png,-0.194633323
957screen.png,-0.194085527
958screen.png,-0.193468131
959screen.png,-0.192782235
960screen.png,-0.192028952
961screen.png,-0.191209409
962screen.png,-0.190324745
963screen.png,-0.189374738
964screen.png,-0.188360566
965screen.png,-0.187283417
966screen.png,-0.186144485
967screen.png,-0.184944972
968screen.png,-0.183686091
969screen.png,-0.182369062
970screen.png,-0.180995116
971screen.png,-0.179565492
972screen.png,-0.178081436
973screen.png,-0.176544202
974screen.png,-0.174955049
975screen.png,-0.173315243
976screen.png,-0.171626056
977screen.png,-0.169888765
978screen.png,-0.168104648
979screen.png,-0.166274992
980screen.png,-0.164401082
981screen.png,-0.162484209
982screen.png,-0.160525665
983screen.png,-0.158526742
984screen.png,-0.156488736
985screen.png,-0.15441294
986screen.png,-0.15230065
987screen.png,-0.150153159
988screen.png,-0.147971759
989screen.png,-0.145757741
990screen.png,-0.143512393
991screen.png,-0.141237002
992screen.png,-0.13893285
993screen.png,-0.136601215
994screen.png,-0.134243371
995screen.png,-0.131860588
996screen.png,-0.129454131
997screen.png,-0.127025257
998screen.png,-0.12457522
999screen.png,-0.122105264
1000screen.png,-0.11961663
1001screen.png,-0.117110547
1002screen.png,-0.11458824
1003screen.png,-0.112050923
1004screen.png,-0.109499803
1005screen.png,-0.106936076
1006screen.png,-0.10436093
1007screen.png,-0.101775543
1008screen.png,-0.099181082
1009screen.png,-0.096578703
1010screen.png,-0.093969552
1011screen.png,-0.091354764
1012screen.png,-0.08873546
1013screen.png,-0.086112752
1014screen.png,-0.083487738
1015screen.png,-0.080861502
1016screen.png,-0.078235119
1017screen.png,-0.075609647
1018screen.png,-0.072986132
1019screen.png,-0.070365606
1020screen.png,-0.067749088
1021screen.png,-0.065137581
1022screen.png,-0.062532075
1023screen.png,-0.059933545
1024screen.png,-0.057342949
1025screen.png,-0.054761233
1026screen.png,-0.052189326
1027screen.png,-0.049628142
1028screen.png,-0.047078578
1029screen.png,-0.044541517
1030screen.png,-0.042017825
1031screen.png,-0.039508352
1032screen.png,-0.03701393
1033screen.png,-0.034535378
1034screen.png,-0.032073495
1035screen.png,-0.029629066
1036screen.png,-0.027202857
1037screen.png,-0.024795618
1038screen.png,-0.022408083
1039screen.png,-0.020040966
1040screen.png,-0.017694968
1041screen.png,-0.01537077
1042screen.png,-0.013069036
1043screen.png,-0.010790412
1044screen.png,-0.008535529
1045screen.png,-0.006304999
1046screen.png,-0.004099416
1047screen.png,-0.001919358
1048screen.png,0.000234615
1049screen.png,0.00236196
1050screen.png,0.004462153
1051screen.png,0.006534687
1052screen.png,0.00857907
1053screen.png,0.01059483
1054screen.png,0.012581512
1055screen.png,0.014538677
1056screen.png,0.016465904
1057screen.png,0.018362791
1058screen.png,0.02022895
1059screen.png,0.022064012
1060screen.png,0.023867624
1061screen.png,0.025639452
1062screen.png,0.027379177
1063screen.png,0.029086496
1064screen.png,0.030761126
1065screen.png,0.032402797
1066screen.png,0.034011257
1067screen.png,0.035586271
1068screen.png,0.03712762
1069screen.png,0.038635101
1070screen.png,0.040108526
1071screen.png,0.041547724
1072screen.png,0.04295254
1073screen.png,0.044322834
1074screen.png,0.045658482
1075screen.png,0.046959374
1076screen.png,0.048225418
1077screen.png,0.049456535
1078screen.png,0.050652661
1079screen.png,0.051813747
1080screen.png,0.052939758
1081screen.png,0.054030675
1082screen.png,0.055086493
1083screen.png,0.056107219
1084screen.png,0.057092875
1085screen.png,0.058043498
1086screen.png,0.058959138
1087screen.png,0.059839857
1088screen.png,0.060685731
1089screen.png,0.06149685
1090screen.png,0.062273315
1091screen.png,0.063015241
1092screen.png,0.063722754
1093screen.png,0.064395993
1094screen.png,0.06503511
1095screen.png,0.065640267
1096screen.png,0.066211639
1097screen.png,0.066749411
1098screen.png,0.06725378
1099screen.png,0.067724954
1100screen.png,0.068163152
1101screen.png,0.068568601
1102screen.png,0.068941543
1103screen.png,0.069282225
1104screen.png,0.069590908
1105screen.png,0.06986786
1106screen.png,0.070113359
1107screen.png,0.070327693
1108screen.png,0.070511159
1109screen.png,0.07066406
1110screen.png,0.070786712
1111screen.png,0.070879435
1112screen.png,0.07094256
1113screen.png,0.070976425
1114screen.png,0.070981375
1115screen.png,0.070957762
1116screen.png,0.070905947
1117screen.png,0.070826296
1118screen.png,0.070719183
1119screen.png,0.070584988
1120screen.png,0.070424096
1121screen.png,0.0702369
1122screen.png,0.070023798
1123screen.png,0.069785193
1124screen.png,0.069521494
1125screen.png,0.069233114
1126screen.png,0.068920472
1127screen.png,0.068583992
1128screen.png,0.0682241
1129screen.png,0.06784123
1130screen.png,0.067435816
1131screen.png,0.067008298
1132screen.png,0.066559119
1133screen.png,0.066088725
1134screen.png,0.065597566
1135screen.png,0.065086093
1136screen.png,0.064554762
1137screen.png,0.06400403
1138screen.png,0.063434357
1139screen.png,0.062846203
1140screen.png,0.062240031
1141screen.png,0.061616308
1142screen.png,0.060975498
1143screen.png,0.06031807
1144screen.png,0.059644491
1145screen.png,0.05895523
1146screen.png,0.058250758
1147screen.png,0.057531544
1148screen.png,0.056798058
1149screen.png,0.05605077
1150screen.png,0.05529015
1151screen.png,0.054516668
1152screen.png,0.053730793
1153screen.png,0.052932993
1154screen.png,0.052123735
1155screen.png,0.051303485
1156screen.png,0.050472708
1157screen.png,0.049631867
1158screen.png,0.048781424
1159screen.png,0.04792184
1160screen.png,0.047053571
1161screen.png,0.046177074
1162screen.png,0.045292803
1163screen.png,0.044401207
1164screen.png,0.043502737
1165screen.png,0.042597837
1166screen.png,0.04168695
1167screen.png,0.040770517
1168screen.png,0.039848974
1169screen.png,0.038922754
1170screen.png,0.037992287
1171screen.png,0.037058
1172screen.png,0.036120315
1173screen.png,0.03517965
1174screen.png,0.034236422
1175screen.png,0.033291039
1176screen.png,0.03234391
1177screen.png,0.031395436
1178screen.png,0.030446015
1179screen.png,0.029496041
1180screen.png,0.028545902
1181screen.png,0.027595981
1182screen.png,0.02664666
1183screen.png,0.025698311
1184screen.png,0.024751303
1185screen.png,0.023806002
1186screen.png,0.022862766
1187screen.png,0.021921949
1188screen.png,0.020983899
1189screen.png,0.020048959
1190screen.png,0.019117468
1191screen.png,0.018189756
1192screen.png,0.01726615
1193screen.png,0.016346971
1194screen.png,0.015432534
1195screen.png,0.014523147
1196screen.png,0.013619116
1197screen.png,0.012720736
1198screen.png,0.011828299
1199screen.png,0.010942092
1200screen.png,0.010062393
1201screen.png,0.009189475
1202screen.png,0.008323607
1203screen.png,0.007465049
1204screen.png,0.006614057
1205screen.png,0.005770879
1206screen.png,0.004935758
1207screen.png,0.00410893
1208screen.png,0.003290626
1209screen.png,0.00248107
1210screen.png,0.001680478
1211screen.png,0.000889064
1212screen.png,0.00010703
1213screen.png,-0.000665422
1214screen.png,-0.001428102
1215screen.png,-0.002180823
1216screen.png,-0.002923405
1217screen.png,-0.003655674
1218screen.png,-0.004377464
1219screen.png,-0.005088613
1220screen.png,-0.005788966
1221screen.png,-0.006478375
1222screen.png,-0.007156698
1223screen.png,-0.007823798
1224screen.png,-0.008479545
1225screen.png,-0.009123816
1226screen.png,-0.009756494
1227screen.png,-0.010377466
1228screen.png,-0.010986627
1229screen.png,-0.011583878
1230screen.png,-0.012169126
1231screen.png,-0.012742282
1232screen.png,-0.013303266
1233screen.png,-0.013852002
1234screen.png,-0.01438842
1235screen.png,-0.014912456
1236screen.png,-0.015424052
1237screen.png,-0.015923156
1238screen.png,-0.01640972
1239screen.png,-0.016883705
1240screen.png,-0.017345072
1241screen.png,-0.017793794
1242screen.png,-0.018229845
1243screen.png,-0.018653206
1244screen.png,-0.019063862
1245screen.png,-0.019461806
1246screen.png,-0.019847033
1247screen.png,-0.020219545
1248screen.png,-0.02057935
1249screen.png,-0.020926459
1250screen.png,-0.021260888
1251screen.png,-0.021582659
1252screen.png,-0.021891799
1253screen.png,-0.022188339
1254screen.png,-0.022472315
1255screen.png,-0.022743766
1256screen.png,-0.023002739
1257screen.png,-0.023249283
1258screen.png,-0.023483451
1259screen.png,-0.023705301
1260screen.png,-0.023914897
1261screen.png,-0.024112304
1262screen.png,-0.024297593
1263screen.png,-0.024470838
1264screen.png,-0.024632119
1265screen.png,-0.024781518
1266screen.png,-0.02491912
1267screen.png,-0.025045015
1268screen.png,-0.025159298
1269screen.png,-0.025262064
1270screen.png,-0.025353415
1271screen.png,-0.025433453
1272screen.png,-0.025502286
1273screen.png,-0.025560024
1274screen.png,-0.025606781
1275screen.png,-0.025642672
1276screen.png,-0.025667816
1277screen.png,-0.025682337
1278screen.png,-0.025686358
1279screen.png,-0.025680007
1280screen.png,-0.025663414
1281screen.png,-0.025636713
1282screen.png,-0.025600037
1283screen.png,-0.025553524
1284screen.png,-0.025497315
1285screen.png,-0.025431551
1286screen.png,-0.025356375
1287screen.png,-0.025271934
1288screen.png,-0.025178376
1289screen.png,-0.02507585
1290screen.png,-0.024964508
1291screen.png,-0.024844503
1292screen.png,-0.02471599
1293screen.png,-0.024579126
1294screen.png,-0.024434067
1295screen.png,-0.024280973
1296screen.png,-0.024120004
1297screen.png,-0.023951322
1298screen.png,-0.02377509
1299screen.png,-0.02359147
1300screen.png,-0.023400629
1301screen.png,-0.023202731
1302screen.png,-0.022997943
1303screen.png,-0.022786431
1304screen.png,-0.022568364
1305screen.png,-0.02234391
1306screen.png,-0.022113237
1307screen.png,-0.021876515
1308screen.png,-0.021633914
1309screen.png,-0.021385602
1310screen.png,-0.02113175
1311screen.png,-0.020872529
1312screen.png,-0.020608109
1313screen.png,-0.020338659
1314screen.png,-0.02006435
1315screen.png,-0.019785352
1316screen.png,-0.019501834
1317screen.png,-0.019213967
1318screen.png,-0.01892192
1319screen.png,-0.018625861
1320screen.png,-0.018325958
1321screen.png,-0.018022381
1322screen.png,-0.017715294
1323screen.png,-0.017404867
1324screen.png,-0.017091263
1325screen.png,-0.016774648
1326screen.png,-0.016455188
1327screen.png,-0.016133044
1328screen.png,-0.01580838
1329screen.png,-0.015481356
1330screen.png,-0.015152135
1331screen.png,-0.014820874
1332screen.png,-0.014487732
1333screen.png,-0.014152866
1334screen.png,-0.013816432
1335screen.png,-0.013478585
1336screen.png,-0.013139477
1337screen.png,-0.01279926
1338screen.png,-0.012458086
1339screen.png,-0.012116102
1340screen.png,-0.011773456
1341screen.png,-0.011430294
1342screen.png,-0.01108676
1343screen.png,-0.010742998
1344screen.png,-0.010399147
1345screen.png,-0.010055347
1346screen.png,-0.009711736
1347screen.png,-0.00936845
1348screen.png,-0.009025622
1349screen.png,-0.008683385
1350screen.png,-0.008341869
1351screen.png,-0.008001202
1352screen.png,-0.007661511
1353screen.png,-0.00732292
1354screen.png,-0.006985552
1355screen.png,-0.006649527
1356screen.png,-0.006314964
1357screen.png,-0.00598198
1358screen.png,-0.005650689
1359screen.png,-0.005321203
1360screen.png,-0.004993632
1361screen.png,-0.004668084
1362screen.png,-0.004344666
1363screen.png,-0.004023481
1364screen.png,-0.003704631
1365screen.png,-0.003388216
1366screen.png,-0.003074331
1367screen.png,-0.002763073
1368screen.png,-0.002454534
1369screen.png,-0.002148805
1370screen.png,-0.001845975
1371screen.png,-0.001546128
1372screen.png,-0.001249349
1373screen.png,-0.000955719
1374screen.png,-0.000665319
1375screen.png,-0.000378224
1376screen.png,-9.4509E-05
1377screen.png,0.000185753
1378screen.png,0.000462492
1379screen.png,0.00073564
1380screen.png,0.001005131
1381screen.png,0.001270903
1382screen.png,0.001532894
1383screen.png,0.001791045
1384screen.png,0.002045301
1385screen.png,0.002295606
1386screen.png,0.002541908
1387screen.png,0.002784159
1388screen.png,0.00302231
1389screen.png,0.003256316
1390screen.png,0.003486134
1391screen.png,0.003711724
1392screen.png,0.003933046
1393screen.png,0.004150064
1394screen.png,0.004362744
1395screen.png,0.004571054
1396screen.png,0.004774964
1397screen.png,0.004974446
1398screen.png,0.005169475
1399screen.png,0.005360026
1400screen.png,0.005546079
1401screen.png,0.005727613
1402screen.png,0.005904612
1403screen.png,0.00607706
1404screen.png,0.006244944
1405screen.png,0.006408253
1406screen.png,0.006566976
1407screen.png,0.006721108
1408screen.png,0.006870642
1409screen.png,0.007015575
1410screen.png,0.007155905
1411screen.png,0.007291633
1412screen.png,0.00742276
1413screen.png,0.00754929
1414screen.png,0.00767123
1415screen.png,0.007788586
1416screen.png,0.007901368
1417screen.png,0.008009587
1418screen.png,0.008113256
1419screen.png,0.008212388
1420screen.png,0.008307
1421screen.png,0.008397109
1422screen.png,0.008482735
1423screen.png,0.008563898
1424screen.png,0.00864062
1425screen.png,0.008712926
1426screen.png,0.008780841
1427screen.png,0.008844391
1428screen.png,0.008903604
1429screen.png,0.008958511
1430screen.png,0.009009141
1431screen.png,0.009055528
1432screen.png,0.009097705
1433screen.png,0.009135706
1434screen.png,0.009169568
1435screen.png,0.009199328
1436screen.png,0.009225025
1437screen.png,0.009246698
1438screen.png,0.009264388
1439screen.png,0.009278137
1440screen.png,0.009287987
1441screen.png,0.009293984
1442screen.png,0.009296172
1443screen.png,0.009294597
1444screen.png,0.009289305
1445screen.png,0.009280345
1446screen.png,0.009267765
1447screen.png,0.009251616
1448screen.png,0.009231947
1449screen.png,0.009208809
1450screen.png,0.009182255
1451screen.png,0.009152338
1452screen.png,0.00911911
1453screen.png,0.009082626
1454screen.png,0.00904294
1455screen.png,0.009000108
1456screen.png,0.008954186
1457screen.png,0.008905231
1458screen.png,0.008853298
1459screen.png,0.008798446
1460screen.png,0.008740733
1461screen.png,0.008680217
1462screen.png,0.008616957
1463screen.png,0.008551012
1464screen.png,0.008482442
1465screen.png,0.008411306
1466screen.png,0.008337664
1467screen.png,0.008261578
1468screen.png,0.008183108
1469screen.png,0.008102314
1470screen.png,0.008019258
1471screen.png,0.007934
1472screen.png,0.007846603
1473screen.png,0.007757128
1474screen.png,0.007665635
1475screen.png,0.007572188
1476screen.png,0.007476847
1477screen.png,0.007379674
1478screen.png,0.00728073
1479screen.png,0.007180078
1480screen.png,0.007077778
1481screen.png,0.006973892
1482screen.png,0.006868482
1483screen.png,0.006761608
1484screen.png,0.006653332
1485screen.png,0.006543713
1486screen.png,0.006432813
1487screen.png,0.006320693
1488screen.png,0.006207411
1489screen.png,0.006093028
1490screen.png,0.005977604
1491screen.png,0.005861198
1492screen.png,0.005743868
1493screen.png,0.005625673
1494screen.png,0.005506671
1495screen.png,0.005386921
1496screen.png,0.005266478
1497screen.png,0.005145401
1498screen.png,0.005023746
1499screen.png,0.004901568
1500screen.png,0.004778923
