houghmean,steering_angle
279.1785714,-1.854094193
279.1785714,-1.854094193
279.1785714,-1.854094193
279.1785714,-1.854094193
248.75,-1.854094193
257.6875,-1.851539203
253.2142857,-1.846696784
255.8055556,-1.839780853
239.2916667,-1.830966478
229.21875,-1.820405123
236.4166667,-1.808230532
258.6785714,-1.794562746
255.2857143,-1.779493264
233.9583333,-1.763141789
255.8333333,-1.745600436
257.8928571,-1.726954676
259.35,-1.707284096
263.7,-1.686662923
285.2142857,-1.665160493
274.375,-1.64284164
265.25,-1.61972768
257.0625,-1.595877941
296.25,-1.571347967
278.9583333,-1.546189818
285.75,-1.520452357
283.3333333,-1.49418159
283.25,-1.4674209
270.3333333,-1.440211253
285.25,-1.412591399
293.8,-1.384598048
297.5,-1.356266041
301.375,-1.327628493
295.9,-1.298772232
288.5,-1.269721907
291.375,-1.240501456
299.7857143,-1.211134119
292,-1.181642334
308.6666667,-1.152047776
324.4285714,-1.122371381
320.9583333,-1.195647423
312.3928571,-1.172931995
321.1,-1.149944657
303.85,-1.12669549
325.2,-1.102988552
323.375,-1.078843119
268.9375,-1.046973173
301.55,-1.021951087
321.875,-0.996545024
302.6666667,-0.970773076
308.875,-0.944668014
312.625,-0.918246538
329.3125,-0.891525643
318.75,-0.85696802
328.6,-0.837254875
324.9375,-0.817517387
354,-0.797771455
318.2,-0.778047915
339.875,-0.71814007
333.15,-0.689774213
349.55,-0.661223274
383.85,-0.632492829
362.5,-0.603669926
357.7083333,-0.574713605
355.5,-0.545646063
339.05,-0.51648906
377.7916667,-0.487263971
332.9285714,-0.457991655
345.0714286,-0.428692602
384,-0.399386929
355.75,-0.370094372
378.85,-0.340834281
382.3409091,-0.311625608
363.75,-0.282486905
367.1458333,-0.253436307
348.3928571,-0.22449153
386.8541667,-0.195669856
372.75,-0.175027968
373.9464286,-0.14648019
389.5454545,-0.118100597
405.5178571,-0.089904625
365.6964286,-0.061907247
356.0357143,-0.042180227
394.5,-0.014552526
387.7638889,0.01285117
374.1538462,0.040016333
382.5125,0.058846282
377.0568182,0.085563695
364.275,0.112021069
380.9264706,0.130094357
370.1538462,0.147804781
390.2058824,0.165161697
376,0.199008685
369.35,0.224164783
371.4074074,0.249023521
372.64,0.265487691
357.675,0.28984266
368.1339286,0.305725725
347.1551724,0.329516082
359.3362069,0.352967265
381.9396552,0.367979169
364.7916667,0.390847577
349.1640625,0.405238442
361.25,0.427523305
374.4814815,0.449452958
355.7142857,0.462965713
345.2867647,0.484294117
339.1458333,0.497181911
353.5480769,0.517909473
361.8148148,0.530160217
374.3125,0.550272273
351.2946429,0.561892903
349.2065217,0.58139188
354.5086207,0.600520091
316.6029412,0.611275332
333.7741935,0.629790831
338.8387097,0.639928232
340.2980769,0.64968793
350.6351351,0.667338992
340.92,0.684617496
329.0540541,0.693500833
358.3958333,0.710157837
348.7416667,0.718439371
344.3916667,0.734492288
352.9256757,0.742157022
352.1,0.757591092
348.0984848,0.764644166
369.5833333,0.779462552
360.2155172,0.785908383
365.75,0.800113867
351.765625,0.805956425
359.7631579,0.819551655
365.3602941,0.824794627
363,0.837782208
356.8697917,0.84242909
369.4821429,0.85481166
367.627907,0.858865845
368.0526316,0.870646132
372.787234,0.882044652
362.6836735,0.885291856
362.3586957,0.89609161
371.6830357,0.898755279
374.244898,0.908959479
387.5961538,0.911027305
379.8046875,0.920625372
378.7118644,0.922104475
392.5820896,0.931103092
390.0643939,0.931999935
399.1992754,0.93651049
400.2745902,0.936756227
390.0410448,0.93664432
397.0040323,0.936167002
396.5122951,0.935333093
394.1801471,0.934142683
396.2142857,0.932603918
406.3898305,0.930724285
403.3232759,0.928510743
402.745614,0.925969798
406.4955357,0.92310759
411.4212963,0.919929949
398.5508475,0.916442445
405.3520408,0.912650436
405.4454545,0.908559106
402.5294118,0.904173502
412.5336538,0.899498562
410.5601852,0.894539146
411.35,0.889300057
410.9840426,0.883786064
410.6377551,0.878001917
412.69,0.871952366
410.365,0.865642173
417.7954545,0.859076123
404.0815217,0.852259034
421.1122449,0.845195766
415.8316327,0.837891226
424.18,0.830350374
415.7093023,0.822578228
426.4107143,0.814579867
422.25,0.80636043
418.6585366,0.797925122
417.0174419,0.789279212
438.0595238,0.780428033
416.2115385,0.771376981
423.0182927,0.762131513
426.5897436,0.75269715
413.375,0.743079465
415.1458333,0.73328409
425.671875,0.723316709
392.6034483,0.713183051
394.6612903,0.702888894
405.5288462,0.692440055
390.4479167,0.681842388
391.5,0.67110178
391.7875,0.660224145
400.35,0.649215422
398.9473684,0.638081569
385.6428571,0.626828558
381.75,0.615462369
374.1833333,0.60398899
326.55,0.592414408
336.3611111,0.580744603
377.5416667,0.568985548
360.525,0.557143202
339,0.545223505
353.4772727,0.533232374
370.96875,0.521175697
346.8392857,0.509059331
362.4285714,0.496889098
292.5,0.484670779
301.0277778,0.472410109
317,0.460112776
323.6666667,0.447784417
325.75,0.435430613
349.15,0.423056885
351.05,0.410668693
330.0625,0.398271431
352.5714286,0.385870425
342.5277778,0.373470929
282.375,0.361078126
314.71875,0.348697119
328.1388889,0.336332936
302.4166667,0.323990521
329.7142857,0.311674739
381.0833333,0.299390368
369.75,0.2871421
364.7,0.27493454
323.8571429,0.262772205
322.9,0.250659521
331.3928571,0.238600821
311,0.226600349
281.6,0.214662254
325.95,0.202790592
282.7,0.190989326
306.0416667,0.179262324
284.5,0.167613357
314.875,0.156046106
287.7916667,0.144564152
299.625,0.133170986
352.1875,0.12187
304.1875,0.110664495
292.85,0.099557677
296.45,0.088552658
355.75,0.077675078
304.8125,0.066925148
324.1666667,0.056303335
328.8333333,0.045810321
289.875,0.035425142
297.5,0.025151401
293.0714286,0.014992431
299.4,0.00495133
310.4375,-0.004969023
314.9375,-0.014765894
303.25,-0.024436695
303.95,-0.033978972
261.6666667,-0.043390396
268.5,-0.052668765
268.8125,-0.061811989
272.5,-0.070818091
274.25,-0.079685201
270.5,-0.088411551
269.5833333,-0.096995471
267.3,-0.105435385
272.4,-0.11372981
273.25,-0.121877352
274.25,-0.1298767
273.125,-0.137726629
270.3,-0.145425993
273.0833333,-0.152973723
273.25,-0.160368831
277.875,-0.167610398
279.5,-0.17469758
280.625,-0.181629605
280.5625,-0.188405768
285.4166667,-0.195025433
275.4166667,-0.201488029
285.8333333,-0.207793051
281.25,-0.213940058
279.5,-0.21992867
283.375,-0.225758569
288.0833333,-0.231429499
288,-0.23694126
280.85,-0.242293713
280,-0.247486774
284.5625,-0.252520417
281.0833333,-0.257394671
283.5,-0.26210962
282.0833333,-0.266665401
282.5833333,-0.271062206
286.875,-0.275300278
286.875,-0.279379912
287.875,-0.283301454
281.75,-0.287065301
287.5,-0.290671899
341,-0.294121744
340.1666667,-0.297415379
342.3333333,-0.300553397
340.6666667,-0.303536437
324,-0.306365184
340.9166667,-0.309040371
309.6,-0.311562775
309.6,-0.313933219
321.125,-0.316152569
300.3571429,-0.318221738
313.35,-0.320141678
316.5,-0.321913387
341.3333333,-0.323537903
320.8125,-0.325016308
306.625,-0.326349722
310.2,-0.327539308
306.25,-0.328586266
320.625,-0.329491838
319.15,-0.330257302
309.3,-0.330883976
326,-0.331373215
304.6,-0.331726408
297.3333333,-0.331944984
319.1666667,-0.332030403
314.9375,-0.331984163
331.1666667,-0.331807794
314.375,-0.33150286
312.1071429,-0.331070956
309.15625,-0.33051371
290.375,-0.329832781
296.125,-0.329029857
314.25,-0.328106656
340.125,-0.327064924
308.4583333,-0.325906435
305.8333333,-0.32463299
294.84375,-0.323246416
293.0625,-0.321748565
289.2777778,-0.320141312
293.25,-0.318426557
290.3928571,-0.316606222
289.4642857,-0.31468225
291.8571429,-0.312656606
316.6071429,-0.310531272
319.5,-0.308308252
324.25,-0.305989564
324,-0.303577247
331.45,-0.301073352
312.8214286,-0.298479948
322.875,-0.295799115
321.6388889,-0.293032948
328.4318182,-0.290183553
314.3409091,-0.287253047
342.5277778,-0.284243556
337.3055556,-0.281157217
336.875,-0.277996172
347.8571429,-0.274762573
319.025,-0.271458575
332.125,-0.268086339
333.75,-0.264648031
351,-0.261145818
327.325,-0.25758187
344.4722222,-0.253958357
325.95,-0.250277449
335.5384615,-0.246541317
322.2272727,-0.242752127
308.5227273,-0.238912043
318.5416667,-0.235023227
333.15625,-0.231087832
329.2,-0.22710801
336.75,-0.223085902
331.725,-0.219023645
331.8409091,-0.214923365
327.3333333,-0.21078718
325.6136364,-0.206617196
330.9583333,-0.20241551
331.53125,-0.198184207
337.5,-0.193925357
338.1590909,-0.18964102
333.6136364,-0.185333238
339.3888889,-0.18100404
330.25,-0.17665544
329.21875,-0.172289434
322.4722222,-0.167908001
341.75,-0.163513103
335.5192308,-0.159106682
326.35,-0.154690662
354.125,-0.150266948
334.5208333,-0.145837422
332.859375,-0.141403946
335.25,-0.136968363
342.5357143,-0.13253249
335.4464286,-0.128098124
331.5714286,-0.123667038
346.9038462,-0.119240981
358.75,-0.114821677
337.7692308,-0.110410829
343.7678571,-0.106010112
339.9642857,-0.101621175
323.2291667,-0.097245645
351.3472222,-0.092885119
342.203125,-0.088541169
349.6111111,-0.084215341
335.2083333,-0.079909154
329.0833333,-0.075624097
354,-0.071361635
359.2916667,-0.067123202
360.675,-0.062910206
370.5833333,-0.058724026
365.8409091,-0.054566012
355.45,-0.050437487
338.8125,-0.046339742
332.2166667,-0.042274041
360.8035714,-0.03824162
352.8333333,-0.034243684
368.5178571,-0.030281409
362.5625,-0.024770181
359.3541667,-0.01765476
367.8571429,-0.013696982
348.0416667,-0.006510973
340.4285714,0.000711461
362.3846154,0.007967034
355.8571429,0.011969787
360.65625,0.01927602
368,0.026604026
385.625,0.030582672
359.7307692,0.0379336
356.3846154,0.045298048
346.4642857,0.049215565
359.9423077,0.056586746
363.6923077,0.063964678
350.6153846,0.071344874
351.9583333,0.07516668
359.8846154,0.082538935
370.0416667,0.089908146
349.25,0.093615054
381.6346154,0.10095835
349.4375,0.111967671
367.5714286,0.115621073
360.5535714,0.119165062
345,0.126457582
338.8611111,0.133736529
363.4791667,0.140991201
353.359375,0.144338661
342.8333333,0.151548249
358.453125,0.158739677
331.9166667,0.165909797
363.9166667,0.169040595
360.0384615,0.176154666
356.65,0.183246378
323.2222222,0.190312826
363.9464286,0.193201528
338.875,0.200203334
372.5,0.207179667
331.45,0.214127791
317.6363636,0.216752839
345.4230769,0.223629546
347.15,0.239043447
334.0576923,0.24163872
347.075,0.244083241
348.7954545,0.246382179
355.2291667,0.253094993
362.4615385,0.259758946
346.96875,0.261780029
361,0.268350307
336.3333333,0.274893807
334.4615385,0.281407651
347.575,0.287889331
355.5535714,0.289554717
354.1818182,0.295961568
342.59375,0.302337506
355.1538462,0.308680232
353.9423077,0.314987714
354.3,0.316274981
325.5833333,0.322501319
343.5769231,0.328695024
319.9038462,0.334854053
329.7727273,0.34097661
351.4583333,0.341864013
325.7291667,0.353135025
348.3,0.353907885
328.375,0.359878548
334.0526316,0.365812726
348.9166667,0.366285267
363.625,0.372124046
342.375,0.377931768
340.3166667,0.383706435
311.6875,0.389446301
316.9583333,0.3951607
342.2,0.395144358
347.3181818,0.443593406
331.8846154,0.444386327
365.2708333,0.444975328
357.9583333,0.445369847
336.9,0.445480992
354.671875,0.445324951
348.8863636,0.444916092
353.4423077,0.444267201
361.8035714,0.443389881
362.2272727,0.442294686
342.9090909,0.447243439
348.9464286,0.445882845
348.5892857,0.450758975
348.0357143,0.455628543
337.8409091,0.460487352
333.1764706,0.465344313
323.171875,0.470194851
335.6923077,0.475034924
327.7857143,0.47986095
338.375,0.478011395
332.6607143,0.482767923
341.9807692,0.487502038
335.1666667,0.492211444
340,0.496907402
327.078125,0.501586618
321.765625,0.499271012
336.3076923,0.503876572
310.390625,0.515495908
322.7916667,0.513012789
332.8529412,0.517553296
318.3571429,0.522076102
347.3166667,0.526564148
371.0882353,0.531030408
333.9642857,0.528117838
337.1041667,0.53250374
332.923913,0.536861198
336.3095238,0.541188162
354.1617647,0.545497441
329.9047619,0.549785657
328.6826923,0.554049736
344.875,0.558286865
353.5729167,0.562494425
347.25,0.558928102
350.71875,0.563046014
340.3088235,0.567128452
342.85,0.578981999
356.2916667,0.575194339
341.0833333,0.579187797
340.3333333,0.583150488
345.2214286,0.587063754
335.0862069,0.582875196
346.1283784,0.586699568
350.1691176,0.590484691
347.7083333,0.594228019
344.9677419,0.597943275
333.1166667,0.601626368
337.969697,0.605273525
358.75,0.608881245
334.1590909,0.612446232
342.0454545,0.607615819
348.4722222,0.611080729
355.18125,0.614495599
376.2580645,0.617857752
344.9071429,0.621181336
350.15,0.624462029
333.3097826,0.627695834
356.0833333,0.630879033
358.4652778,0.634008121
366.9146341,0.628536046
355.75625,0.631554697
360.9924242,0.634511564
353.0337838,0.637403791
364.7440476,0.640245756
356.5526316,0.643032922
351.0328947,0.645761102
350.9011628,0.648426412
354.8986486,0.642372759
350.224359,0.644921689
358.7055556,0.647399286
370.3783784,0.649802477
359.3064516,0.652145672
366.6891892,0.654424138
377.7142857,0.656633531
372.7383721,0.658769846
376.7272727,0.652156031
363.5448718,0.654168302
371.9625,0.656098842
370.8297872,0.657944569
383.1730769,0.65971996
378.7051282,0.661420302
376.0961538,0.663041302
369.9593023,0.664579036
377.3719512,0.657426401
363.1477273,0.658832765
361.9431818,0.660147474
377.2606383,0.661367617
374.0178571,0.662507721
375.4583333,0.663563281
386.2897727,0.664530229
373.5119048,0.665404892
371.25,0.657738795
384.25,0.65847661
365.2760417,0.659114391
387.4285714,0.659649539
382.8630952,0.660096596
362.9642857,0.660451413
386.9777778,0.660710296
380.2333333,0.652598486
395.2670455,0.652722439
380.8,0.652742785
383.0765306,0.652657095
382.1988636,0.652479757
381.5792683,0.652206869
382.6022727,0.651834999
373.8231707,0.643318533
375.7972973,0.642814175
377.1890244,0.642203796
384.2302632,0.641485291
389.6341463,0.64067293
386.3546512,0.631839015
385.7606383,0.622799552
390.6219512,0.629874091
392.45,0.628735958
390.3571429,0.627507146
388.05,0.62620028
397.5657895,0.624794229
397.3928571,0.61566908
398.2302632,0.614141905
396.5486111,0.612509867
388.4342105,0.610771454
387.1381579,0.60894068
379.1283784,0.6070147
390.16875,0.604991141
382.3986486,0.595592072
393.7166667,0.593455734
388.1666667,0.591217237
396.2763158,0.588875525
407.875,0.586444375
404.3235294,0.576833499
393.05,0.574306986
395.1142857,0.571685435
396.3888889,0.568967641
397.3653846,0.566166894
400.1283784,0.56328081
397.125,0.55351245
408.2941176,0.550542111
397.0785714,0.547481849
401.1486486,0.544330798
402.972973,0.541101986
401.0460526,0.531211792
410.3648649,0.527914594
390.8277778,0.524534734
402.23125,0.521071351
397.23125,0.517537063
398.8092105,0.513929932
401.5945946,0.503982257
388.0875,0.500318369
407.6527778,0.496578026
394.3581081,0.486536668
404.6969697,0.476381008
404.0428571,0.466110617
401.1212121,0.455725468
404.1388889,0.445238361
399.4935897,0.4346611
394.375,0.424004641
407.4097222,0.413279203
394.9583333,0.402494348
387.6875,0.391659047
397.6388889,0.440971773
378.0982143,0.431295847
388.6896552,0.42738121
403.8846154,0.423483233
395.3369565,0.419487246
383.1086957,0.409900134
384.2037037,0.405836087
383.25,0.40169566
388.8152174,0.397481504
400.3333333,0.393207227
394.6704545,0.383607003
393.1388889,0.379306807
386.8636364,0.37494951
391.3636364,0.370536506
379.375,0.360965516
381.9285714,0.356555481
368.6625,0.352101643
358.0892857,0.347604593
360.171875,0.338115254
346.2666667,0.333642688
350.7625,0.329136627
358.35,0.324597184
388.296875,0.315229886
376.3194444,0.310731815
361.5166667,0.306208655
365.5588235,0.301660238
305.4545455,0.292447552
347.2727273,0.287954373
344.75,0.283443267
348.5,0.278913903
319.025,0.269883108
314.075,0.265420793
338.8333333,0.256438391
346.21875,0.247428298
311.2727273,0.23839974
315.725,0.243226914
337.6388889,0.238821433
343.35,0.230161741
332.625,0.22586906
313.6428571,0.221571943
346.4166667,0.217270165
318.7916667,0.208863661
328.075,0.204651624
342.8,0.200440916
337.5,0.192195417
325.7916667,0.188077023
307.1875,0.18396568
292.1388889,0.179860629
289.1428571,0.171889272
305.9722222,0.167891646
299.5277778,0.163904766
303.5833333,0.156121483
306.4375,0.152242297
296,0.148378367
295.0833333,0.140796603
317.7142857,0.137047795
298.4583333,0.13331795
341.5,0.125948585
300.5,0.122339885
314.5,0.11875325
305.2222222,0.111605205
322.1666667,0.10814463
290.3928571,0.104708737
323,0.101296192
315.5,0.09448354
329.6071429,0.091204626
316.25,0.084519939
314.71875,0.081367343
341.96875,0.078244309
304.7777778,0.075149277
283.775,0.068807837
313.5625,0.065852907
326.5,0.062927314
306.8333333,0.056824576
321.45,0.054034605
316.3333333,0.051275771
304.2142857,0.045416207
329.1071429,0.042795272
343,0.038660512
309.75,0.033011658
282.35,0.027400519
310.0833333,0.021825265
298.0625,0.016287461
293,0.010791681
307.8214286,0.005342069
319.5,-5.76017E-05
303.5714286,-0.005403883
308.9642857,-0.010693623
288.7916667,-0.015923932
286.2083333,-0.021092162
322.7083333,-0.026195881
291.7083333,-0.031232851
281.1785714,-0.036201015
307.0357143,-0.041098479
290.9,-0.045923495
301.34375,-0.050674454
308.3571429,-0.055349869
288.5714286,-0.059948372
313.6071429,-0.064468699
325.375,-0.068909685
286.8928571,-0.073270256
300.925,-0.077549426
306.90625,-0.081746286
295.7916667,-0.085860005
295.5,-0.08988982
308.1,-0.093835037
313.5714286,-0.097695025
287.15625,-0.10146921
282.0555556,-0.10515708
313.7857143,-0.108758175
300.8333333,-0.112272086
316.0357143,-0.115698456
299,-0.119036977
301.375,-0.122287385
301.9166667,-0.125449464
320.6071429,-0.128523038
296.4285714,-0.131507976
295.34375,-0.134404186
328.4285714,-0.137211617
314.28125,-0.139930255
307.3333333,-0.142560126
309.25,-0.145101292
296.0714286,-0.147553848
296.8214286,-0.149917928
294.6428571,-0.152193698
288.03125,-0.154381358
287.96875,-0.15648114
315.5,-0.15849331
294.5,-0.160418164
296.5,-0.162256027
296.4583333,-0.164007259
308.5,-0.165672244
294.8214286,-0.167251398
289.59375,-0.168745166
310.65625,-0.170154018
289.3125,-0.171478454
294.5714286,-0.172718999
306.1666667,-0.173876204
291.40625,-0.174950646
313.3571429,-0.175942927
310.6,-0.176853675
296.5833333,-0.177683538
310.95,-0.178433192
296.8928571,-0.179103333
310.96875,-0.179694679
290.90625,-0.180207973
296.4642857,-0.180643975
308.0277778,-0.18100347
339.375,-0.18128726
321.625,-0.181496167
308.1,-0.181631035
313.25,-0.181692723
335.09375,-0.181682111
321.3214286,-0.181600094
328.2777778,-0.181447587
320.6071429,-0.181225519
326.7916667,-0.180934836
342.6785714,-0.180576498
324.1666667,-0.180151484
318,-0.179660782
321.0555556,-0.179105397
318.9166667,-0.178486347
301,-0.177804662
332.0625,-0.177061385
303.25,-0.176257569
317.8214286,-0.175394281
320.4722222,-0.174472597
326.25,-0.173493601
311.1,-0.172458389
339.2857143,-0.171368067
306.84375,-0.170223746
318.0714286,-0.169026548
312.525,-0.167777601
346.5357143,-0.166478039
312.8571429,-0.165129004
308.75,-0.163731642
326.5625,-0.162287107
330.96875,-0.160796555
318.46875,-0.159261146
313.8611111,-0.157682047
321.9444444,-0.156060425
331.9285714,-0.154397451
316.21875,-0.152694298
326.7222222,-0.15095214
343.34375,-0.149172153
339.6428571,-0.147355514
314.45,-0.145503398
326.625,-0.143616984
327.6071429,-0.141697445
315.2272727,-0.139745956
329.8055556,-0.137763691
339.2222222,-0.135751819
334.4166667,-0.133711507
338.775,-0.131643922
321.5277778,-0.129550224
334.4,-0.127431571
326.1785714,-0.125289115
320.78125,-0.123124005
321.3611111,-0.120937383
318.0625,-0.118730387
335.3,-0.116504148
330.75,-0.114259792
332,-0.111998435
359.1590909,-0.10972119
346.7272727,-0.107429159
351.2272727,-0.105123439
350.15,-0.102805116
326.1785714,-0.100475269
343.8636364,-0.098134968
323.7954545,-0.095785274
356.65,-0.093427236
338.5,-0.091061898
329.375,-0.088690288
330.2045455,-0.086313429
336.1111111,-0.083932328
348.475,-0.081547985
313.4722222,-0.079161388
352.25,-0.076773511
343.375,-0.074385318
330.4285714,-0.071997762
383.8214286,-0.069611782
357.225,-0.067228304
355.525,-0.064848243
338.475,-0.062472501
355.075,-0.060101964
342.1363636,-0.057737508
312.21875,-0.055379994
348,-0.053030269
319.175,-0.050689168
344.6875,-0.048357509
331.4,-0.046036097
360.025,-0.043725725
367.9318182,-0.041427168
364.3333333,-0.039141189
319.3125,-0.036868535
345.125,-0.034609938
323.5357143,-0.032366115
337.21875,-0.03013777
349.9722222,-0.02792559
348,-0.025730247
370.2272727,-0.023552398
338.0625,-0.021392685
352.7045455,-0.019251734
344.5833333,-0.017130156
347.225,-0.015028546
355.2857143,-0.012947485
363.8076923,-0.010887537
361.5,-0.008849251
354.9722222,-0.006833159
377.85,-0.004839781
390.6944444,-0.002869617
380,-0.000923155
363.25,0.000999135
376.875,0.002896797
382.75,0.004769391
350.8214286,0.006616493
351.8125,0.008437694
378.1363636,0.0102326
375.8055556,0.012000833
389,0.013742031
358.6944444,0.015455846
360.3928571,0.017141946
365.575,0.018800013
384.45,0.020429746
372.525,0.022030858
361.4807692,0.023603076
374.7727273,0.025146143
369.5681818,0.026659818
383.5,0.028143871
404.7222222,0.02959809
405.3333333,0.031022276
384.6428571,0.032416245
388.75,0.033779826
368.3125,0.035112864
353.9166667,0.036415216
350.125,0.037686754
384.2857143,0.038927363
390,0.040136944
392.25,0.041315409
423.3333333,0.042462683
396.4166667,0.043578706
396.4166667,0.044663431
395.25,0.045716823
395.35,0.04673886
402.125,0.047729532
419.75,0.048688843
402.2083333,0.049616809
366.5,0.050513456
368.25,0.051378825
412.8125,0.052212968
413,0.053015946
401.96875,0.053787836
414.45,0.054528722
401.3125,0.055238702
377.35,0.055917884
384.5416667,0.056566387
426.4375,0.05718434
413.8125,0.057771883
376.2,0.058329166
378.4,0.058856349
403.1875,0.059353602
394.625,0.059821105
394.625,0.060259047
390.4375,0.060667626
392.125,0.061047049
413.25,0.061397534
407.75,0.061719304
401.25,0.062012595
419.1875,0.062277647
397.1666667,0.062514711
408,0.062724044
381.2142857,0.062905913
398.5833333,0.063060591
418.75,0.063188832
396.875,0.063290816
418.125,0.063366745
399.9375,0.063416836
407,0.063441324
395.125,0.063440461
399,0.06341451
403.9166667,0.063363745
395.55,0.063288453
389.7916667,0.063188933
408.65,0.063065491
420.9375,0.062918445
411.35,0.062748119
393.5,0.062554847
415.65,0.06233897
402.55,0.062100835
386.5416667,0.061840797
416.75,0.061559216
390.5,0.061256459
393.2083333,0.060932896
398.125,0.060588904
386.5,0.060224864
383.75,0.059841161
390.0625,0.059438186
386.8125,0.059016329
392.6875,0.058575989
401.75,0.058117565
402.9375,0.057641458
381.95,0.057148075
398.2857143,0.056637821
421.0833333,0.056111108
411.3125,0.055568345
405.9375,0.055009947
397.25,0.054436328
410.25,0.053847904
375.5,0.053245091
397.2,0.052628308
396.3333333,0.051997972
403.75,0.051354503
395.4166667,0.050698319
410.5625,0.05002984
393.4166667,0.049349485
400.75,0.048657672
431.5625,0.04795482
413.5,0.047241346
412.375,0.046517669
408.75,0.045784202
420.375,0.045041362
414.9166667,0.044289561
392.25,0.043529212
400.875,0.042760725
416.875,0.041984509
392.15,0.041200972
397.0625,0.040410517
406.5,0.039613547
412.2,0.038810463
385.875,0.038001663
434.6875,0.037187542
428.9375,0.036368493
406.875,0.035544905
410.7,0.034717165
416.3333333,0.033885658
409.8125,0.033050763
404.9375,0.032212858
380.8333333,0.031372316
428.1666667,0.030529509
428.6,0.029684802
395.8333333,0.028838559
418.0625,0.027991139
411.6875,0.027142896
415.4375,0.026294182
416.35,0.025445344
436.05,0.024596725
396.9166667,0.023748662
422.5,0.022901491
382.3333333,0.02205554
423.8125,0.021211134
414.5,0.020368595
409.4375,0.019528237
419.9375,0.018690373
413.8333333,0.017855306
420.0625,0.01702334
396.0833333,0.01619477
423.25,0.015369888
404.5,0.014548979
421.1875,0.013732325
424.9375,0.012920201
417.9166667,0.012112879
413.9375,0.011310623
419.4166667,0.010513694
420.125,0.009722346
427.55,0.008936829
423.5,0.008157387
423.0833333,0.007384258
392.0833333,0.006617676
408.125,0.005857867
424.6666667,0.005105053
352.6875,0.004359452
426.25,0.003621274
427.75,0.002890724
402.8333333,0.002168003
409.25,0.001453303
422.375,0.000746814
371.85,4.87182E-05
378.75,-0.000640807
375.3,-0.00132159
395,-0.001993464
369.95,-0.00265627
365.45,-0.003309853
354.85,-0.003954063
350.0625,-0.004588758
321.4,-0.005213798
377.75,-0.005829052
353.6666667,-0.006434394
341.6071429,-0.007029701
384.8571429,-0.007614858
323.6,-0.008189755
323.5,-0.008754287
328.6,-0.009308355
334.15,-0.009851865
361.875,-0.010384729
312.1,-0.010906862
316.6785714,-0.011418189
324.625,-0.011918636
316.3928571,-0.012408135
306.0625,-0.012886626
325.03125,-0.013354051
288,-0.013810359
287.3928571,-0.014255502
317.8571429,-0.014689441
326.6875,-0.015112137
302.96875,-0.015523559
305.0833333,-0.015923682
304.09375,-0.016312483
335.3125,-0.016689945
303.375,-0.017056056
330.0909091,-0.017410809
304.4375,-0.017754201
306.3333333,-0.018086234
310.5714286,-0.018406913
287.9285714,-0.018716251
313.25,-0.019014261
304.34375,-0.019300964
306.5625,-0.019576384
337.4318182,-0.019840549
307.575,-0.02009349
326.15,-0.020335246
312.25,-0.020565855
344.25,-0.020785362
310.21875,-0.020993816
343.2291667,-0.02119127
338.7916667,-0.021377778
322.75,-0.021553401
330.2272727,-0.021718202
344.3888889,-0.021872247
319.4722222,-0.022015608
312.2291667,-0.022148359
344.0208333,-0.022270575
319.1136364,-0.022382338
324.6666667,-0.022483732
299.7727273,-0.022574843
304.25,-0.022655761
344,-0.022726579
309.5625,-0.022787392
323.7884615,-0.022838301
331.8,-0.022879404
288.09375,-0.022910808
319.1875,-0.022932618
330.5454545,-0.022944944
282.7222222,-0.022947897
317.6875,-0.022941592
365.40625,-0.022926144
339.975,-0.022901674
355.8055556,-0.0228683
289.425,-0.022826147
326.1,-0.02277534
297.7222222,-0.022716004
315.275,-0.022648269
336,-0.022572266
317.5909091,-0.022488126
310.675,-0.022395984
320.325,-0.022295975
331.9772727,-0.022188236
314,-0.022072905
300.3,-0.021950122
312.2954545,-0.021820028
327.7954545,-0.021682766
294.3214286,-0.021538478
301.7777778,-0.021387309
296.6944444,-0.021229405
299,-0.021064911
309.40625,-0.020893975
331.125,-0.020716745
304.175,-0.02053337
308.1111111,-0.020343998
299.4444444,-0.02014878
298.5833333,-0.019947866
312.1363636,-0.019741407
322.475,-0.019529553
280.6111111,-0.019312458
312.59375,-0.019090271
290,-0.018863146
275.9444444,-0.018631234
289.1666667,-0.018394687
299.875,-0.018153658
334.4166667,-0.017908298
307.1875,-0.017658759
301.075,-0.017405194
297.575,-0.017147753
313.55,-0.016886587
307.4318182,-0.016621848
312.85,-0.016353685
294.2777778,-0.01608225
316.28125,-0.01580769
301.7142857,-0.015530155
323.875,-0.015249793
314.28125,-0.014966751
340.8611111,-0.014681177
298.0277778,-0.014393216
291.96875,-0.014103012
335.2,-0.013810712
331.5,-0.013516457
327.6428571,-0.01322039
305.7857143,-0.012922652
303.1428571,-0.012623384
295.34375,-0.012322724
313.75,-0.012020811
317.40625,-0.011717781
305.2857143,-0.011413771
321.5,-0.011108913
331,-0.010803342
283.0625,-0.010497188
326.1666667,-0.010190582
344,-0.009883653
288.6590909,-0.009576528
314.175,-0.009269333
332.8611111,-0.008962192
337.175,-0.008655228
326.2222222,-0.008348562
356.1136364,-0.008042314
300.4285714,-0.007736602
338.45,-0.007431542
302.5,-0.007127248
344.375,-0.006823834
302.0625,-0.006521411
343.8055556,-0.006220088
327.0416667,-0.005919972
314.8214286,-0.005621169
338.9,-0.005323784
295.59375,-0.005027918
340.7045455,-0.004733671
337.90625,-0.004441143
334.25,-0.004150429
301.8611111,-0.003861623
302.125,-0.003574819
331.4722222,-0.003290107
341.7083333,-0.003007576
334.1388889,-0.002727313
294.1875,-0.002449401
329.0277778,-0.002173925
315.35,-0.001900964
328.8333333,-0.001630598
296.15625,-0.001362903
293.78125,-0.001097954
312,-0.000835823
293.90625,-0.000576582
293.03125,-0.000320299
293.6,-6.70402E-05
298.7142857,0.000183129
301.2857143,0.000430147
330.875,0.000673953
286.9583333,0.000914488
305.6071429,0.001151696
308.8333333,0.001385523
356.21875,0.001615915
304.5357143,0.001842824
329.8888889,0.0020662
330.2142857,0.002285997
300.5714286,0.002502172
298.1,0.00271468
343.65625,0.002923484
302.4,0.003128543
335.6071429,0.003329821
295.71875,0.003527285
284.8333333,0.003720902
318.125,0.003910641
316.2083333,0.004096474
321.0416667,0.004278374
306.2142857,0.004456317
298.7,0.004630279
322.84375,0.004800239
328.5833333,0.00496618
309.8055556,0.005128083
281.2857143,0.005285933
304.9285714,0.005439716
306.8,0.005589421
339.05,0.005735037
339.95,0.005876557
320.2916667,0.006013974
300.25,0.006147284
282.3571429,0.006276482
289.1666667,0.006401568
336.3928571,0.006522543
340.45,0.006639407
343.4166667,0.006752165
328.375,0.006860823
339.0357143,0.006965386
308.6071429,0.007065863
309.6785714,0.007162264
308.3214286,0.0072546
351.6875,0.007342885
303.8,0.007427132
320.40625,0.007507358
335.5714286,0.007583579
312.75,0.007655815
321.4375,0.007724085
323.84375,0.007788411
274.9375,0.007848815
336.3571429,0.007905322
316.3888889,0.007957956
355.775,0.008006744
307.4642857,0.008051714
273,0.008092895
292.2222222,0.008130316
298.59375,0.008164009
310.5357143,0.008194007
308.25,0.008220342
280.09375,0.00824305
333.4090909,0.008262165
315.9642857,0.008277724
298.7,0.008289765
321.40625,0.008298326
290.6071429,0.008303447
316.9375,0.008305168
302.59375,0.008303529
306.4375,0.008298573
328.4285714,0.008290343
316.6111111,0.008278883
317.90625,0.008264236
313.3214286,0.008246447
327.075,0.008225564
291.1071429,0.008201631
336.40625,0.008174696
306.2083333,0.008144808
311.375,0.008112013
338.1111111,0.008076362
329.53125,0.008037904
337.4166667,0.007996688
301.125,0.007952765
312.875,0.007906187
306.75,0.007857004
313.7727273,0.007805268
327.6944444,0.007751032
334.5,0.007694348
320.75,0.007635269
343.0277778,0.007573848
333.2777778,0.007510139
314.7777778,0.007444195
337.55,0.00737607
326.5,0.00730582
308.8333333,0.007233497
336.3,0.007159157
340.65,0.007082854
330.59375,0.007004644
331.4166667,0.00692458
326.6923077,0.006842719
309.9166667,0.006759114
359.65625,0.006673822
335.125,0.006586896
354.8055556,0.006498393
320.8333333,0.006408367
340.9090909,0.006316873
315.0681818,0.006223966
358,0.0061297
358.1785714,0.006034131
330.8055556,0.005937313
334.25,0.005839299
378.7954545,0.005740144
329.6111111,0.005639903
345.21875,0.005538627
338.875,0.005436372
357.6,0.00533319
344.0681818,0.005229135
332.3,0.005124257
378.625,0.005018611
330.3214286,0.004912247
355.8269231,0.004805218
322.3409091,0.004697575
337.3541667,0.004589367
324.8541667,0.004480647
336.1944444,0.004371463
363.9,0.004261866
358.6923077,0.004151905
341.1153846,0.004041627
332.9545455,0.003931082
344.05,0.003820318
330.25,0.00370938
346.275,0.003598317
330.0714286,0.003487174
348.975,0.003375997
368.2678571,0.003264831
365.6041667,0.00315372
332.875,0.003042709
343.5,0.002931842
350.4375,0.002821159
339.75,0.002710705
347.2777778,0.00260052
340.7884615,0.002490646
347.1666667,0.002381123
355.55,0.00227199
364.3653846,0.002163287
332.8,0.002055051
336.5961538,0.001947322
356.5625,0.001840135
352.2115385,0.001733528
370.1730769,0.001627535
349.609375,0.001522193
336.6041667,0.001417535
352.2708333,0.001313594
379.5769231,0.001210405
377.125,0.001107999
359.7857143,0.001006407
362.5227273,0.000905661
351.8125,0.000805791
364.9833333,0.000706825
366.25,0.000608793
357.3653846,0.000511723
366.0681818,0.000415641
366.6166667,0.000320574
371.95,0.000226548
362.1833333,0.000133588
361.609375,4.17178E-05
352.0147059,-4.90387E-05
356.5166667,-0.000138659
336.7115385,-0.000227121
343.2916667,-0.000314403
340.6730769,-0.000400484
352.375,-0.000485346
358.5,-0.000568969
338.625,-0.000651334
344.7727273,-0.000732423
347.9545455,-0.000812221
345.3409091,-0.000890711
336.75,-0.000967876
356.7,-0.001043704
355.2777778,-0.001118179
370.9583333,-0.001191288
365.1590909,-0.001263019
342.5,-0.00133336
347.25,-0.001402299
348,-0.001469826
348.0625,-0.001535932
359.75,-0.001600608
364.7045455,-0.001663844
368.75,-0.001725634
354.2916667,-0.001785969
348.45,-0.001844845
351.46875,-0.001902255
335.8333333,-0.001958193
339.6363636,-0.002012657
353.9107143,-0.002065641
355.325,-0.002117144
358.0961538,-0.002167162
370.9583333,-0.002215693
361.8333333,-0.002262737
366.6590909,-0.002308293
350.825,-0.00235236
352.1,-0.00239494
356.6590909,-0.002436033
365.1428571,-0.002475642
360.5,-0.002513768
358.175,-0.002550415
329.9375,-0.002585586
363.15,-0.002619285
336.6666667,-0.002651517
351.0681818,-0.002682286
344.8571429,-0.002711599
346.825,-0.002739461
348.1875,-0.00276588
362.025,-0.002790862
336.3055556,-0.002814414
359.5,-0.002836546
346.7708333,-0.002857266
356.225,-0.002876582
333.28125,-0.002894504
330.125,-0.002911043
346.5625,-0.002926208
332.5,-0.002940011
348.6388889,-0.002952462
361.8541667,-0.002963573
353.85,-0.002973356
342.45,-0.002981824
349.0208333,-0.00298899
336.28125,-0.002994865
328.4166667,-0.002999465
351.7045455,-0.003002803
345.675,-0.003004893
344.5,-0.00300575
350.375,-0.003005387
320.25,-0.003003822
336.175,-0.003001068
337.05,-0.002997142
332.3541667,-0.00299206
338.375,-0.002985838
331.7083333,-0.002978493
342.9772727,-0.00297004
356.4,-0.002960498
317.775,-0.002949884
338.96875,-0.002938214
352.2708333,-0.002925507
340.8125,-0.002911781
356.0227273,-0.002897053
332.1041667,-0.002881342
340.0227273,-0.002864667
328,-0.002847045
368.025,-0.002828496
344.95,-0.002809038
335.25,-0.002788691
347.5277778,-0.002767473
355.825,-0.002745404
343.03125,-0.001164273
346,-0.00110406
348.825,0.002166181
334.03125,0.005513019
338.65,0.005723633
329.4166667,0.009220927
376.0227273,0.012794697
332.05,0.013143899
352.21875,0.016851901
344,0.02062854
342,0.024469287
366.05,0.024983344
370.5277778,0.028942078
338.3125,0.032959483
375.0714286,0.033553641
340.8125,0.037671453
347.0357143,0.041844457
355.625,0.046069128
